City,Gender,Unit price,Total,frekuensi_pembelian,Product line_Fashion accessories,Product line_Food and beverages,Product line_Health and beauty,Product line_Home and lifestyle,Product line_Sports and travel,Payment_Credit card,Payment_Ewallet
Yangon,0,74.69,548.9715,1,False,False,True,False,False,False,True
Naypyitaw,0,15.28,80.22,1,False,False,False,False,False,False,False
Yangon,1,46.33,340.5255,1,False,False,False,True,False,True,False
Yangon,1,58.22,489.048,1,False,False,True,False,False,False,True
Yangon,1,86.31,634.3785,1,False,False,False,False,True,False,True
Naypyitaw,1,85.39,627.6165,1,False,False,False,False,False,False,True
Yangon,0,68.84,433.692,1,False,False,False,False,False,False,True
Naypyitaw,0,73.56,772.38,1,False,False,False,True,False,False,True
Yangon,0,36.26,76.146,1,False,False,True,False,False,True,False
Mandalay,0,54.84,172.746,1,False,True,False,False,False,True,False
Mandalay,0,14.48,60.816,1,True,False,False,False,False,False,True
Mandalay,1,25.51,107.142,1,False,False,False,False,False,False,False
Yangon,0,46.95,246.4875,1,False,False,False,False,False,False,True
Yangon,1,43.19,453.495,1,False,True,False,False,False,False,True
Yangon,0,71.38,749.49,1,False,False,True,False,False,False,False
Mandalay,0,93.72,590.436,1,False,False,False,False,True,False,False
Yangon,0,68.93,506.6355,1,False,False,True,False,False,True,False
Yangon,1,72.61,457.443,1,False,False,False,False,True,True,False
Yangon,1,54.67,172.2105,1,False,True,False,False,False,True,False
Mandalay,0,40.3,84.63,1,False,False,False,True,False,False,True
Naypyitaw,1,86.04,451.71,1,False,False,False,False,False,False,True
Mandalay,1,87.98,277.137,1,False,False,True,False,False,False,True
Mandalay,1,33.2,69.72,1,False,False,False,True,False,True,False
Yangon,1,34.56,181.44,1,False,False,False,False,False,False,True
Yangon,1,88.63,279.1845,1,False,False,False,False,True,False,True
Yangon,0,52.59,441.756,1,False,False,False,True,False,True,False
Mandalay,1,33.52,35.196,1,True,False,False,False,False,False,False
Yangon,0,87.67,184.107,1,True,False,False,False,False,True,False
Mandalay,0,88.36,463.89,1,False,True,False,False,False,False,False
Yangon,1,24.89,235.2105,1,False,False,True,False,False,False,False
Mandalay,1,94.13,494.1825,1,True,False,False,False,False,True,False
Mandalay,1,78.07,737.7615,1,False,False,False,False,True,False,False
Mandalay,1,83.78,703.752,1,False,False,False,False,True,False,False
Yangon,1,96.58,202.818,1,False,False,True,False,False,True,False
Naypyitaw,0,99.42,417.564,1,False,True,False,False,False,False,True
Naypyitaw,0,68.12,71.526,1,False,False,False,False,True,False,True
Yangon,1,62.62,328.755,1,False,False,False,False,True,False,True
Yangon,0,60.88,575.316,1,False,False,False,False,False,False,True
Naypyitaw,0,54.92,461.328,1,False,False,True,False,False,False,True
Mandalay,1,30.12,253.008,1,False,False,False,True,False,False,False
Mandalay,0,86.72,91.056,1,False,False,False,True,False,False,True
Naypyitaw,1,56.11,117.831,1,False,False,False,True,False,False,False
Mandalay,0,69.12,435.456,1,False,False,False,False,True,False,False
Naypyitaw,0,98.7,829.08,1,False,True,False,False,False,False,False
Naypyitaw,1,15.37,32.277,1,False,False,True,False,False,False,False
Mandalay,0,93.96,394.632,1,False,False,False,False,False,False,False
Mandalay,1,56.69,535.7205,1,False,False,True,False,False,True,False
Mandalay,0,20.01,189.0945,1,False,True,False,False,False,False,True
Mandalay,1,18.93,119.259,1,False,False,False,False,False,True,False
Naypyitaw,0,82.63,867.615,1,True,False,False,False,False,False,True
Naypyitaw,1,91.4,671.79,1,False,True,False,False,False,False,False
Yangon,0,44.59,234.0975,1,False,True,False,False,False,False,False
Mandalay,0,17.87,75.054,1,True,False,False,False,False,False,True
Naypyitaw,1,15.43,16.2015,1,True,False,False,False,False,True,False
Mandalay,1,16.16,33.936,1,False,False,False,True,False,False,True
Naypyitaw,0,85.98,722.232,1,False,False,False,False,False,False,False
Yangon,1,44.34,93.114,1,False,False,False,True,False,False,False
Yangon,1,89.6,752.64,1,False,False,True,False,False,False,True
Yangon,0,72.35,759.675,1,False,False,False,True,False,False,False
Naypyitaw,1,30.61,192.843,1,False,False,False,False,False,False,False
Naypyitaw,0,24.74,77.931,1,False,False,False,False,True,True,False
Naypyitaw,1,55.73,351.099,1,False,False,False,True,False,False,True
Mandalay,0,55.07,520.4115,1,False,False,False,False,True,False,True
Yangon,1,15.81,166.005,1,False,False,False,False,True,True,False
Mandalay,1,75.74,318.108,1,False,False,True,False,False,False,False
Yangon,1,15.87,166.635,1,False,False,True,False,False,False,False
Naypyitaw,0,33.47,70.287,1,False,False,True,False,False,False,True
Mandalay,0,97.61,614.943,1,True,False,False,False,False,False,True
Yangon,1,78.77,827.085,1,False,False,False,False,True,False,False
Yangon,0,18.33,19.2465,1,False,False,True,False,False,False,False
Naypyitaw,1,89.48,939.54,1,False,True,False,False,False,True,False
Naypyitaw,1,62.12,652.26,1,True,False,False,False,False,False,False
Mandalay,0,48.52,152.838,1,False,True,False,False,False,False,True
Naypyitaw,0,75.91,478.233,1,False,False,False,False,False,False,False
Yangon,1,74.67,705.6315,1,False,False,False,True,False,False,True
Naypyitaw,0,41.65,437.325,1,False,False,False,False,False,True,False
Naypyitaw,1,49.04,463.428,1,True,False,False,False,False,True,False
Yangon,0,20.01,189.0945,1,True,False,False,False,False,True,False
Naypyitaw,0,78.31,822.255,1,False,True,False,False,False,False,True
Naypyitaw,0,20.38,106.995,1,False,False,True,False,False,False,False
Naypyitaw,0,99.19,624.897,1,False,False,True,False,False,True,False
Mandalay,0,96.68,304.542,1,False,True,False,False,False,False,True
Naypyitaw,1,19.25,161.7,1,False,True,False,False,False,False,True
Naypyitaw,0,80.36,337.512,1,False,True,False,False,False,True,False
Naypyitaw,1,48.91,256.7775,1,False,False,False,False,True,False,False
Naypyitaw,0,83.06,610.491,1,False,False,False,False,True,False,True
Naypyitaw,1,76.52,401.73,1,True,False,False,False,False,False,False
Yangon,1,49.38,362.943,1,False,True,False,False,False,True,False
Yangon,1,42.47,44.5935,1,False,False,False,False,True,False,False
Mandalay,0,76.99,485.037,1,False,False,True,False,False,False,False
Naypyitaw,0,47.38,198.996,1,False,False,False,True,False,False,False
Naypyitaw,0,44.86,471.03,1,False,False,False,False,True,False,True
Yangon,0,21.98,161.553,1,False,False,False,False,True,False,True
Mandalay,1,64.36,608.202,1,False,False,True,False,False,True,False
Naypyitaw,1,89.75,94.2375,1,False,False,True,False,False,True,False
Yangon,1,97.16,102.018,1,False,False,False,False,False,False,True
Mandalay,1,87.87,922.635,1,False,False,True,False,False,False,True
Naypyitaw,0,12.45,78.435,1,False,False,False,False,False,False,False
Yangon,1,52.75,166.1625,1,False,True,False,False,False,False,True
Mandalay,1,82.7,521.01,1,False,False,False,True,False,False,False
Naypyitaw,1,48.71,51.1455,1,True,False,False,False,False,False,False
Naypyitaw,1,78.55,742.2975,1,True,False,False,False,False,False,False
Naypyitaw,0,23.07,218.0115,1,False,False,False,False,False,False,False
Yangon,1,58.26,367.038,1,False,True,False,False,False,False,False
Mandalay,1,30.35,223.0725,1,False,False,True,False,False,False,False
Yangon,1,88.67,931.035,1,False,False,False,False,False,False,True
Naypyitaw,1,27.38,172.494,1,True,False,False,False,False,True,False
Yangon,1,62.13,391.419,1,False,False,False,False,True,False,False
Naypyitaw,0,33.98,321.111,1,False,True,False,False,False,False,False
Naypyitaw,1,81.97,860.685,1,False,False,False,False,False,False,False
Mandalay,0,16.49,34.629,1,False,False,False,False,True,False,True
Naypyitaw,0,98.21,309.3615,1,False,False,True,False,False,True,False
Mandalay,0,72.84,535.374,1,True,False,False,False,False,False,False
Yangon,1,58.07,548.7615,1,False,False,False,True,False,False,True
Naypyitaw,0,80.79,763.4655,1,False,False,False,True,False,True,False
Naypyitaw,0,27.02,85.113,1,True,False,False,False,False,True,False
Mandalay,1,21.94,115.185,1,True,False,False,False,False,False,True
Mandalay,1,51.36,53.928,1,True,False,False,False,False,False,True
Yangon,0,10.96,115.08,1,False,True,False,False,False,False,True
Mandalay,1,53.44,112.224,1,False,False,False,True,False,False,True
Yangon,0,99.56,836.304,1,False,False,False,False,False,True,False
Naypyitaw,1,57.12,419.832,1,False,False,False,False,True,True,False
Mandalay,1,99.96,944.622,1,False,False,False,False,True,True,False
Naypyitaw,1,63.91,536.844,1,False,False,False,True,False,True,False
Mandalay,0,56.47,474.348,1,True,False,False,False,False,False,True
Yangon,0,93.69,688.6215,1,False,False,False,True,False,True,False
Yangon,0,32.25,169.3125,1,False,False,False,False,True,False,False
Naypyitaw,0,31.73,299.8485,1,True,False,False,False,False,True,False
Naypyitaw,0,68.54,575.736,1,False,True,False,False,False,False,True
Mandalay,0,90.28,853.146,1,False,False,False,False,True,False,True
Mandalay,0,39.62,291.207,1,True,False,False,False,False,False,False
Yangon,0,92.13,580.419,1,False,False,False,False,True,False,False
Mandalay,0,34.84,146.328,1,False,False,False,False,True,False,False
Mandalay,1,87.45,550.935,1,False,False,False,False,False,True,False
Naypyitaw,0,81.3,512.19,1,False,False,True,False,False,False,True
Naypyitaw,1,90.22,284.193,1,True,False,False,False,False,False,False
Yangon,0,26.31,138.1275,1,False,False,False,False,False,True,False
Yangon,0,34.42,216.846,1,False,False,False,True,False,False,False
Mandalay,1,51.91,545.055,1,False,False,False,False,True,False,False
Yangon,1,72.5,609.0,1,False,False,False,False,True,False,True
Naypyitaw,0,89.8,942.9,1,False,False,False,False,True,True,False
Naypyitaw,1,90.5,950.25,1,False,False,True,False,False,False,False
Naypyitaw,0,68.6,720.3,1,False,False,True,False,False,False,False
Naypyitaw,0,30.41,31.9305,1,False,True,False,False,False,True,False
Yangon,0,77.95,491.085,1,False,False,False,True,False,False,True
Naypyitaw,0,46.26,291.438,1,False,False,True,False,False,True,False
Yangon,0,30.14,316.47,1,True,False,False,False,False,False,True
Naypyitaw,1,66.14,277.788,1,False,False,True,False,False,True,False
Mandalay,1,71.86,603.624,1,False,False,False,True,False,True,False
Yangon,1,32.46,272.664,1,False,False,True,False,False,True,False
Mandalay,0,91.54,384.468,1,True,False,False,False,False,True,False
Naypyitaw,1,34.56,254.016,1,False,False,False,False,True,True,False
Yangon,1,83.24,786.618,1,True,False,False,False,False,True,False
Naypyitaw,0,16.48,103.824,1,False,True,False,False,False,False,True
Naypyitaw,0,80.97,680.148,1,False,False,False,False,True,False,False
Yangon,1,92.29,484.5225,1,False,True,False,False,False,True,False
Mandalay,1,72.17,75.7785,1,False,False,False,False,False,False,False
Mandalay,1,50.28,263.97,1,False,False,False,True,False,False,True
Mandalay,1,97.22,918.729,1,False,False,True,False,False,False,True
Mandalay,1,93.39,588.357,1,False,False,False,False,True,False,True
Naypyitaw,0,43.18,362.712,1,False,True,False,False,False,True,False
Yangon,1,63.69,66.8745,1,False,False,False,False,True,False,False
Yangon,1,45.79,336.5565,1,False,True,False,False,False,True,False
Naypyitaw,1,76.4,160.44,1,False,False,False,False,True,False,True
Mandalay,1,39.9,418.95,1,False,True,False,False,False,True,False
Mandalay,1,42.57,357.588,1,False,False,True,False,False,False,True
Naypyitaw,1,95.58,1003.59,1,False,False,False,True,False,False,False
Yangon,1,98.98,1039.29,1,True,False,False,False,False,True,False
Yangon,1,51.28,323.064,1,False,True,False,False,False,False,False
Yangon,1,69.52,510.972,1,False,False,False,False,True,True,False
Yangon,1,70.01,367.5525,1,False,False,True,False,False,False,True
Mandalay,1,80.05,420.2625,1,False,True,False,False,False,True,False
Naypyitaw,1,20.85,175.14,1,False,False,False,False,False,False,False
Mandalay,1,52.89,333.207,1,False,False,False,False,False,True,False
Mandalay,1,19.79,166.236,1,False,True,False,False,False,False,True
Yangon,1,33.84,319.788,1,False,False,False,True,False,False,True
Yangon,1,22.17,186.228,1,False,True,False,False,False,True,False
Naypyitaw,0,22.51,165.4485,1,True,False,False,False,False,True,False
Yangon,1,73.88,465.444,1,False,True,False,False,False,False,True
Naypyitaw,1,86.8,273.42,1,False,False,True,False,False,False,True
Naypyitaw,1,64.26,472.311,1,True,False,False,False,False,False,False
Naypyitaw,1,38.47,323.148,1,False,True,False,False,False,False,False
Yangon,1,15.5,162.75,1,False,False,False,False,True,False,True
Naypyitaw,1,34.31,288.204,1,False,False,True,False,False,False,True
Yangon,0,12.34,90.699,1,False,False,False,False,True,True,False
Mandalay,1,18.08,56.952,1,False,True,False,False,False,False,True
Mandalay,0,94.49,793.716,1,False,False,False,True,False,False,True
Mandalay,1,46.47,195.174,1,False,False,False,True,False,False,False
Yangon,1,74.07,77.7735,1,False,False,False,True,False,False,True
Naypyitaw,0,69.81,293.202,1,False,False,False,True,False,True,False
Mandalay,0,77.04,242.676,1,False,False,False,True,False,True,False
Mandalay,0,73.52,154.392,1,True,False,False,False,False,False,True
Naypyitaw,0,87.8,829.71,1,False,True,False,False,False,False,False
Mandalay,1,25.55,107.31,1,False,False,False,True,False,False,True
Yangon,1,32.71,171.7275,1,False,False,False,False,False,True,False
Naypyitaw,0,74.29,78.0045,1,True,False,False,False,False,False,False
Naypyitaw,1,43.7,91.77,1,False,False,True,False,False,False,False
Yangon,0,25.29,26.5545,1,False,False,False,True,False,False,True
Naypyitaw,1,41.5,174.3,1,False,False,True,False,False,True,False
Naypyitaw,0,71.39,374.7975,1,False,True,False,False,False,True,False
Naypyitaw,0,19.15,120.645,1,False,False,False,False,True,True,False
Mandalay,0,57.49,241.458,1,False,False,False,False,False,False,False
Naypyitaw,1,61.41,451.3635,1,False,False,False,False,False,False,False
Mandalay,1,25.9,271.95,1,False,False,True,False,False,False,True
Mandalay,1,17.77,93.2925,1,False,False,False,True,False,True,False
Yangon,0,23.03,217.6335,1,False,False,True,False,False,False,True
Naypyitaw,0,66.65,629.8425,1,False,False,False,False,False,True,False
Naypyitaw,0,28.53,299.565,1,False,False,False,True,False,False,True
Mandalay,0,30.37,95.6655,1,True,False,False,False,False,False,True
Mandalay,0,99.73,942.4485,1,False,False,False,False,False,True,False
Yangon,1,26.23,247.8735,1,False,False,False,False,False,False,True
Naypyitaw,0,93.26,881.307,1,False,True,False,False,False,False,False
Mandalay,1,92.36,484.89,1,False,False,False,True,False,False,True
Mandalay,1,46.42,146.223,1,False,False,False,False,True,True,False
Mandalay,0,29.61,217.6335,1,False,False,False,False,True,False,False
Yangon,1,18.28,19.194,1,False,False,False,True,False,True,False
Mandalay,0,24.77,130.0425,1,False,False,False,False,True,False,False
Yangon,0,94.64,298.116,1,False,False,False,False,False,False,False
Mandalay,1,94.87,796.908,1,True,False,False,False,False,False,True
Mandalay,0,57.34,180.621,1,False,True,False,False,False,True,False
Mandalay,1,45.35,285.705,1,False,False,False,False,False,False,True
Mandalay,1,62.08,456.288,1,False,True,False,False,False,False,True
Naypyitaw,1,11.81,62.0025,1,False,False,False,False,False,False,False
Naypyitaw,0,12.54,13.167,1,True,False,False,False,False,False,False
Yangon,1,43.25,90.825,1,False,True,False,False,False,False,False
Naypyitaw,0,87.16,183.036,1,False,False,False,False,True,True,False
Mandalay,1,69.37,655.5465,1,False,False,True,False,False,False,True
Naypyitaw,1,37.06,155.652,1,False,False,False,False,False,False,True
Mandalay,0,90.7,571.41,1,False,False,False,False,False,False,False
Yangon,0,63.42,532.728,1,False,False,False,True,False,False,True
Mandalay,0,81.37,170.877,1,True,False,False,False,False,False,False
Mandalay,0,10.59,33.3585,1,False,False,False,False,False,True,False
Mandalay,0,84.09,794.6505,1,False,False,True,False,False,False,False
Mandalay,1,73.82,310.044,1,True,False,False,False,False,False,False
Yangon,1,51.94,545.37,1,False,False,True,False,False,False,True
Yangon,0,93.14,195.594,1,False,False,False,False,True,False,True
Naypyitaw,1,17.41,91.4025,1,False,False,True,False,False,True,False
Naypyitaw,0,44.22,232.155,1,True,False,False,False,False,True,False
Mandalay,0,13.22,69.405,1,False,False,False,False,False,False,False
Yangon,1,89.69,94.1745,1,True,False,False,False,False,False,True
Yangon,1,24.94,235.683,1,False,True,False,False,False,True,False
Yangon,1,59.77,125.517,1,False,False,True,False,False,True,False
Naypyitaw,1,93.2,195.72,1,True,False,False,False,False,True,False
Yangon,1,62.65,263.13,1,False,False,False,True,False,False,False
Mandalay,1,93.87,788.508,1,False,False,False,True,False,True,False
Yangon,1,47.59,399.756,1,False,False,False,True,False,False,False
Mandalay,0,81.4,256.41,1,False,False,False,False,False,False,False
Yangon,1,17.94,94.185,1,True,False,False,False,False,False,True
Yangon,1,77.72,326.424,1,False,False,False,False,False,True,False
Mandalay,1,73.06,536.991,1,False,True,False,False,False,True,False
Mandalay,1,46.55,439.8975,1,False,True,False,False,False,False,True
Naypyitaw,1,35.19,369.495,1,True,False,False,False,False,True,False
Naypyitaw,0,14.39,30.219,1,False,False,False,False,True,True,False
Yangon,1,23.75,99.75,1,False,False,False,True,False,False,False
Yangon,1,58.9,494.76,1,False,False,False,True,False,False,False
Mandalay,1,32.62,137.004,1,True,False,False,False,False,False,False
Yangon,1,66.35,69.6675,1,False,False,False,False,False,True,False
Yangon,1,25.91,163.233,1,False,False,False,True,False,False,True
Yangon,1,32.25,135.45,1,False,False,False,False,False,False,True
Naypyitaw,1,65.94,276.948,1,False,False,False,False,False,True,False
Yangon,0,75.06,709.317,1,False,False,False,False,False,False,True
Naypyitaw,0,16.45,69.09,1,True,False,False,False,False,False,True
Mandalay,0,38.3,160.86,1,True,False,False,False,False,False,False
Yangon,0,22.24,233.52,1,False,False,False,False,True,False,False
Mandalay,1,54.45,57.1725,1,False,False,False,False,True,False,True
Yangon,0,98.4,723.24,1,False,False,False,False,True,True,False
Naypyitaw,1,35.47,148.974,1,False,False,False,True,False,True,False
Mandalay,0,74.6,783.3,1,False,True,False,False,False,False,False
Yangon,1,70.74,297.108,1,False,False,False,True,False,True,False
Yangon,0,35.54,373.17,1,False,False,False,True,False,False,True
Mandalay,0,67.43,354.0075,1,False,False,False,False,True,False,True
Naypyitaw,0,21.12,44.352,1,False,False,True,False,False,False,False
Yangon,0,21.54,203.553,1,False,False,False,True,False,True,False
Yangon,0,12.03,25.263,1,False,False,False,True,False,False,False
Mandalay,0,99.71,628.173,1,False,False,True,False,False,False,True
Mandalay,1,47.97,352.5795,1,True,False,False,False,False,False,False
Naypyitaw,0,21.82,229.11,1,False,False,False,True,False,False,False
Naypyitaw,0,95.42,400.764,1,True,False,False,False,False,False,True
Naypyitaw,1,70.99,745.395,1,True,False,False,False,False,False,False
Yangon,1,44.02,462.21,1,False,False,False,False,True,True,False
Yangon,0,69.96,587.664,1,False,False,False,True,False,True,False
Naypyitaw,1,37.0,38.85,1,False,False,False,True,False,True,False
Yangon,0,15.34,16.107,1,False,False,False,False,True,False,False
Yangon,1,99.83,628.929,1,False,False,True,False,False,False,True
Yangon,0,47.67,200.214,1,False,False,True,False,False,False,False
Mandalay,1,66.68,350.07,1,False,False,True,False,False,False,False
Naypyitaw,1,74.86,78.603,1,False,False,False,True,False,False,False
Naypyitaw,0,23.75,224.4375,1,False,False,False,False,True,False,False
Mandalay,0,48.51,356.5485,1,False,True,False,False,False,True,False
Yangon,0,94.88,697.368,1,False,False,False,True,False,False,False
Mandalay,1,40.3,423.15,1,False,False,False,False,False,True,False
Naypyitaw,1,27.85,204.6975,1,False,False,False,False,False,False,True
Yangon,0,62.48,65.604,1,False,False,False,False,False,False,False
Yangon,0,36.36,76.356,1,False,True,False,False,False,False,False
Mandalay,1,18.11,190.155,1,False,False,True,False,False,False,True
Naypyitaw,0,51.92,272.58,1,False,False,False,False,False,False,False
Naypyitaw,1,28.84,121.128,1,False,False,False,False,False,False,False
Yangon,1,78.38,493.794,1,False,False,False,True,False,False,True
Yangon,1,60.01,252.042,1,False,False,False,True,False,False,False
Naypyitaw,0,88.61,93.0405,1,False,False,False,True,False,False,False
Naypyitaw,1,99.82,209.622,1,True,False,False,False,False,True,False
Mandalay,1,39.01,40.9605,1,False,False,True,False,False,True,False
Naypyitaw,1,48.61,51.0405,1,False,True,False,False,False,False,False
Yangon,0,51.19,214.998,1,False,False,False,False,False,True,False
Mandalay,0,14.96,125.664,1,False,False,False,False,False,False,False
Yangon,1,72.2,530.67,1,False,False,False,False,False,False,True
Yangon,0,40.23,295.6905,1,False,False,False,False,True,False,False
Yangon,0,88.79,745.836,1,False,False,False,True,False,False,False
Yangon,0,26.48,83.412,1,False,False,False,False,False,False,True
Yangon,0,81.91,172.011,1,True,False,False,False,False,False,False
Mandalay,1,79.93,503.559,1,False,False,False,False,True,False,False
Naypyitaw,1,69.33,145.593,1,True,False,False,False,False,False,True
Yangon,0,14.23,74.7075,1,False,True,False,False,False,True,False
Yangon,0,15.55,146.9475,1,False,False,True,False,False,False,False
Naypyitaw,0,78.13,820.365,1,False,False,False,False,False,False,False
Naypyitaw,1,99.37,208.677,1,False,True,False,False,False,False,False
Naypyitaw,0,21.08,66.402,1,False,True,False,False,False,False,False
Naypyitaw,1,74.79,392.6475,1,False,False,False,False,False,False,False
Naypyitaw,0,29.67,218.0745,1,False,False,True,False,False,True,False
Naypyitaw,1,44.07,185.094,1,False,False,True,False,False,False,True
Naypyitaw,0,22.93,216.6885,1,False,True,False,False,False,False,False
Naypyitaw,0,39.42,41.391,1,False,False,True,False,False,False,False
Yangon,1,15.26,96.138,1,False,False,True,False,False,False,True
Yangon,0,61.77,324.2925,1,True,False,False,False,False,False,False
Yangon,1,21.52,135.576,1,False,False,False,True,False,True,False
Mandalay,1,97.74,410.508,1,False,False,False,False,True,False,True
Yangon,1,99.78,523.845,1,False,True,False,False,False,False,False
Naypyitaw,1,94.26,395.892,1,False,True,False,False,False,False,False
Mandalay,1,51.13,214.746,1,False,False,True,False,False,True,False
Yangon,1,36.36,152.712,1,False,False,False,False,False,False,False
Mandalay,1,22.02,208.089,1,False,False,False,True,False,False,False
Yangon,1,32.9,103.635,1,False,True,False,False,False,True,False
Yangon,1,77.02,404.355,1,True,False,False,False,False,False,False
Yangon,1,23.48,49.308,1,False,True,False,False,False,True,False
Naypyitaw,1,14.7,77.175,1,False,False,False,False,True,False,True
Yangon,0,28.45,149.3625,1,False,False,False,False,False,True,False
Yangon,1,76.4,721.98,1,True,False,False,False,False,False,True
Mandalay,0,57.95,365.085,1,False,False,False,False,True,False,False
Naypyitaw,0,47.65,150.0975,1,False,False,False,False,False,True,False
Mandalay,0,42.82,404.649,1,False,True,False,False,False,True,False
Mandalay,1,48.09,151.4835,1,False,False,False,False,False,True,False
Mandalay,0,55.97,411.3795,1,False,False,True,False,False,False,True
Mandalay,0,76.9,565.215,1,False,False,True,False,False,False,False
Naypyitaw,0,97.03,509.4075,1,False,True,False,False,False,False,True
Yangon,1,44.65,140.6475,1,False,False,False,False,True,False,False
Yangon,0,77.93,736.4385,1,True,False,False,False,False,False,True
Yangon,1,71.95,75.5475,1,False,False,False,False,False,False,False
Naypyitaw,0,89.25,749.7,1,False,False,False,True,False,False,False
Yangon,1,26.02,191.247,1,False,False,False,False,False,False,False
Mandalay,0,13.5,141.75,1,False,False,True,False,False,True,False
Naypyitaw,0,99.3,1042.65,1,True,False,False,False,False,True,False
Yangon,1,51.69,379.9215,1,False,False,False,False,False,False,False
Mandalay,0,54.73,402.2655,1,True,False,False,False,False,True,False
Mandalay,1,27.0,255.15,1,False,False,False,True,False,False,False
Naypyitaw,0,30.24,31.752,1,False,False,False,False,False,False,False
Mandalay,0,89.14,374.388,1,False,True,False,False,False,True,False
Naypyitaw,0,37.55,394.275,1,True,False,False,False,False,True,False
Naypyitaw,0,95.44,1002.12,1,False,False,False,False,True,False,False
Mandalay,1,27.5,86.625,1,False,False,False,False,False,False,True
Mandalay,1,74.97,78.7185,1,False,False,False,False,True,False,False
Yangon,1,80.96,680.064,1,False,True,False,False,False,True,False
Naypyitaw,0,94.47,793.548,1,False,True,False,False,False,False,False
Naypyitaw,1,99.79,209.559,1,False,True,False,False,False,False,True
Yangon,1,73.22,461.286,1,False,False,False,True,False,False,False
Naypyitaw,0,41.24,173.208,1,False,True,False,False,False,False,False
Naypyitaw,0,81.68,343.056,1,True,False,False,False,False,False,False
Naypyitaw,0,51.32,484.974,1,False,False,False,False,False,False,False
Yangon,1,65.94,276.948,1,False,False,False,True,False,False,False
Naypyitaw,0,14.36,150.78,1,False,False,False,False,True,False,False
Yangon,1,21.5,203.175,1,False,False,False,False,False,True,False
Mandalay,0,26.26,193.011,1,False,False,False,False,False,False,False
Mandalay,0,60.96,128.016,1,True,False,False,False,False,True,False
Naypyitaw,0,70.11,441.693,1,False,False,False,True,False,False,True
Naypyitaw,1,42.08,265.104,1,True,False,False,False,False,False,False
Yangon,0,67.09,352.2225,1,False,False,False,True,False,True,False
Yangon,0,96.7,507.675,1,True,False,False,False,False,False,True
Mandalay,0,35.38,334.341,1,False,False,False,True,False,True,False
Naypyitaw,1,95.49,701.8515,1,False,False,False,False,True,False,True
Naypyitaw,1,96.98,407.316,1,True,False,False,False,False,False,True
Mandalay,0,23.65,99.33,1,False,False,False,False,False,True,False
Yangon,1,82.33,345.786,1,False,False,False,False,True,True,False
Naypyitaw,0,26.61,55.881,1,False,False,False,False,False,False,False
Mandalay,0,99.69,523.3725,1,False,True,False,False,False,False,False
Naypyitaw,0,74.89,314.538,1,False,True,False,False,False,False,True
Yangon,0,40.94,214.935,1,False,True,False,False,False,False,True
Mandalay,1,75.82,79.611,1,False,False,False,False,True,False,False
Naypyitaw,1,46.77,294.651,1,False,True,False,False,False,False,False
Yangon,0,32.32,339.36,1,False,False,True,False,False,True,False
Naypyitaw,0,54.07,510.9615,1,True,False,False,False,False,False,True
Mandalay,1,18.22,133.917,1,False,True,False,False,False,True,False
Naypyitaw,0,80.48,253.512,1,True,False,False,False,False,False,False
Mandalay,0,37.95,398.475,1,True,False,False,False,False,False,False
Yangon,1,76.82,80.661,1,False,False,False,False,False,False,True
Yangon,0,52.26,548.73,1,False,False,False,False,True,True,False
Yangon,0,79.74,83.727,1,False,False,True,False,False,False,True
Yangon,0,77.5,406.875,1,False,False,True,False,False,False,True
Yangon,0,54.27,284.9175,1,False,True,False,False,False,False,True
Mandalay,1,13.59,128.4255,1,False,False,False,True,False,False,False
Mandalay,0,41.06,258.678,1,False,False,True,False,False,True,False
Mandalay,1,19.24,181.818,1,False,False,False,False,False,False,False
Naypyitaw,0,39.43,248.409,1,False,True,False,False,False,True,False
Naypyitaw,1,46.22,194.124,1,False,False,False,True,False,True,False
Naypyitaw,1,13.98,14.679,1,False,False,False,True,False,False,True
Mandalay,0,39.75,208.6875,1,True,False,False,False,False,False,True
Naypyitaw,0,97.79,718.7565,1,True,False,False,False,False,False,True
Yangon,1,67.26,282.492,1,False,False,False,False,True,True,False
Yangon,1,13.79,72.3975,1,False,True,False,False,False,True,False
Mandalay,0,68.71,288.582,1,True,False,False,False,False,False,False
Yangon,0,56.53,237.426,1,False,False,False,True,False,False,True
Naypyitaw,0,23.82,125.055,1,True,False,False,False,False,False,True
Mandalay,0,34.21,359.205,1,False,False,True,False,False,False,False
Mandalay,1,21.87,45.927,1,False,False,False,False,True,False,True
Yangon,1,20.97,110.0925,1,False,False,True,False,False,False,False
Yangon,1,25.84,81.396,1,False,False,False,False,True,False,True
Yangon,1,50.93,427.812,1,False,False,False,True,False,False,True
Mandalay,1,96.11,100.9155,1,False,False,True,False,False,False,True
Naypyitaw,0,45.38,190.596,1,False,False,False,True,False,True,False
Naypyitaw,0,81.51,85.5855,1,False,False,True,False,False,False,True
Mandalay,0,57.22,120.162,1,False,False,True,False,False,False,True
Yangon,0,25.22,185.367,1,False,False,False,False,False,False,False
Naypyitaw,0,38.6,121.59,1,False,True,False,False,False,False,True
Naypyitaw,0,84.05,264.7575,1,False,False,False,False,False,False,False
Naypyitaw,0,97.21,1020.705,1,True,False,False,False,False,True,False
Mandalay,1,25.42,213.528,1,True,False,False,False,False,True,False
Naypyitaw,1,16.28,17.094,1,True,False,False,False,False,False,False
Mandalay,1,40.61,383.7645,1,True,False,False,False,False,False,False
Yangon,1,53.17,390.7995,1,False,False,True,False,False,False,False
Mandalay,0,20.87,65.7405,1,False,True,False,False,False,True,False
Mandalay,1,67.27,353.1675,1,False,False,False,False,True,False,False
Yangon,0,90.65,951.825,1,False,False,False,True,False,False,True
Mandalay,1,69.08,145.068,1,True,False,False,False,False,True,False
Naypyitaw,1,43.27,90.867,1,False,True,False,False,False,False,True
Yangon,0,23.46,147.798,1,False,False,False,False,False,False,True
Mandalay,1,95.54,702.219,1,True,False,False,False,False,True,False
Mandalay,0,47.44,49.812,1,True,False,False,False,False,True,False
Naypyitaw,1,99.24,937.818,1,False,False,False,False,True,False,True
Naypyitaw,1,82.93,348.306,1,False,False,False,False,True,False,True
Yangon,1,33.99,214.137,1,False,False,False,True,False,True,False
Naypyitaw,1,17.04,71.568,1,False,True,False,False,False,False,True
Naypyitaw,0,40.86,343.224,1,False,False,False,False,False,True,False
Naypyitaw,1,17.44,91.56,1,False,True,False,False,False,False,False
Mandalay,0,88.43,742.812,1,False,False,False,False,True,True,False
Yangon,0,89.21,843.0345,1,False,False,False,True,False,True,False
Naypyitaw,1,12.78,13.419,1,True,False,False,False,False,False,True
Yangon,0,19.1,140.385,1,False,False,False,False,True,False,False
Mandalay,0,19.15,20.1075,1,False,False,True,False,False,True,False
Naypyitaw,1,27.66,290.43,1,False,True,False,False,False,True,False
Naypyitaw,1,45.74,144.081,1,True,False,False,False,False,True,False
Mandalay,0,27.07,28.4235,1,False,False,True,False,False,True,False
Mandalay,0,39.12,41.076,1,False,False,False,False,True,True,False
Mandalay,0,74.71,470.673,1,False,False,False,False,False,False,False
Mandalay,1,22.01,138.663,1,False,False,False,False,False,False,False
Yangon,0,63.61,333.9525,1,False,True,False,False,False,False,True
Yangon,1,25.0,26.25,1,False,False,True,False,False,False,True
Yangon,1,20.77,87.234,1,False,False,False,False,False,False,False
Mandalay,0,29.56,155.19,1,True,False,False,False,False,False,False
Mandalay,0,77.4,731.43,1,False,True,False,False,False,True,False
Mandalay,1,79.39,833.595,1,False,False,False,False,False,False,False
Naypyitaw,0,46.57,488.985,1,False,False,False,False,False,False,False
Naypyitaw,1,35.89,37.6845,1,False,True,False,False,False,True,False
Naypyitaw,1,40.52,212.73,1,False,True,False,False,False,False,False
Mandalay,0,73.05,767.025,1,False,True,False,False,False,True,False
Naypyitaw,0,73.95,310.59,1,False,False,False,False,True,False,False
Naypyitaw,0,22.62,23.751,1,False,True,False,False,False,False,False
Yangon,1,51.34,269.535,1,False,True,False,False,False,True,False
Naypyitaw,0,54.55,572.775,1,False,False,False,False,True,True,False
Naypyitaw,0,37.15,273.0525,1,False,False,True,False,False,True,False
Mandalay,1,37.02,233.226,1,False,False,False,False,True,False,False
Naypyitaw,1,21.58,22.659,1,False,True,False,False,False,False,True
Naypyitaw,0,98.84,103.782,1,False,False,False,False,False,False,False
Naypyitaw,0,83.77,527.751,1,False,False,False,True,False,False,True
Yangon,0,40.05,168.21,1,False,False,False,False,True,False,False
Yangon,1,43.13,452.865,1,True,False,False,False,False,True,False
Mandalay,1,72.57,609.588,1,False,False,True,False,False,False,False
Yangon,0,64.44,338.31,1,False,False,False,False,False,False,False
Yangon,1,65.18,205.317,1,False,False,True,False,False,True,False
Yangon,0,33.26,174.615,1,False,False,False,False,True,True,False
Naypyitaw,1,84.07,353.094,1,False,False,False,False,False,False,True
Mandalay,1,34.37,360.885,1,False,False,False,False,True,False,True
Yangon,1,38.6,40.53,1,False,False,False,False,False,False,True
Naypyitaw,1,65.97,554.148,1,False,True,False,False,False,False,False
Naypyitaw,0,32.8,344.4,1,False,False,False,False,False,False,False
Yangon,1,37.14,194.985,1,False,False,False,False,True,False,True
Mandalay,1,60.38,633.99,1,False,False,False,True,False,False,False
Naypyitaw,0,36.98,388.29,1,False,False,False,False,True,True,False
Mandalay,0,49.49,207.858,1,False,False,False,False,True,False,True
Mandalay,0,41.09,431.445,1,True,False,False,False,False,False,False
Yangon,1,37.15,156.03,1,True,False,False,False,False,False,True
Naypyitaw,1,22.96,24.108,1,False,False,False,True,False,False,False
Mandalay,0,77.68,734.076,1,False,False,False,True,False,False,True
Mandalay,0,34.7,72.87,1,True,False,False,False,False,False,True
Yangon,0,19.66,206.43,1,True,False,False,False,False,True,False
Mandalay,0,25.32,212.688,1,False,False,True,False,False,False,True
Naypyitaw,0,12.12,127.26,1,False,False,False,True,False,True,False
Mandalay,1,99.89,209.769,1,True,False,False,False,False,False,True
Mandalay,1,75.92,637.728,1,False,False,False,False,True,False,False
Naypyitaw,0,63.22,132.762,1,False,False,False,False,False,False,False
Naypyitaw,0,90.24,568.512,1,False,True,False,False,False,False,False
Mandalay,0,98.13,103.0365,1,False,False,False,False,True,False,False
Yangon,0,51.52,432.768,1,False,False,False,False,True,False,False
Mandalay,1,73.97,77.6685,1,False,False,False,False,True,True,False
Naypyitaw,0,31.9,33.495,1,True,False,False,False,False,False,True
Naypyitaw,1,69.4,145.74,1,False,False,False,True,False,False,True
Mandalay,0,93.31,195.951,1,False,False,False,False,True,False,False
Mandalay,1,88.45,92.8725,1,False,False,False,False,True,True,False
Yangon,1,24.18,203.112,1,False,False,False,False,False,False,True
Mandalay,0,48.5,152.775,1,False,False,False,False,True,False,False
Mandalay,0,84.05,529.515,1,False,True,False,False,False,True,False
Mandalay,1,61.29,321.7725,1,False,False,True,False,False,False,False
Naypyitaw,0,15.95,100.485,1,False,False,False,True,False,True,False
Mandalay,0,90.74,666.939,1,False,False,False,False,True,True,False
Yangon,0,42.91,225.2775,1,False,False,False,True,False,False,True
Yangon,0,54.28,398.958,1,True,False,False,False,False,False,True
Yangon,1,99.55,731.6925,1,False,False,False,False,False,False,False
Naypyitaw,1,58.39,429.1665,1,False,False,False,False,True,True,False
Naypyitaw,0,51.47,54.0435,1,True,False,False,False,False,False,True
Mandalay,1,54.86,288.015,1,False,False,True,False,False,False,True
Naypyitaw,1,39.39,206.7975,1,False,False,False,True,False,True,False
Yangon,1,34.73,72.933,1,False,False,False,True,False,False,True
Naypyitaw,1,71.92,377.58,1,False,False,False,False,True,True,False
Mandalay,0,45.71,143.9865,1,False,False,False,False,False,True,False
Naypyitaw,0,83.17,523.971,1,False,False,False,True,False,False,False
Yangon,0,37.44,235.872,1,False,False,False,True,False,True,False
Naypyitaw,1,62.87,132.027,1,False,False,True,False,False,False,False
Yangon,1,81.71,514.773,1,False,True,False,False,False,True,False
Yangon,0,91.41,479.9025,1,False,False,False,False,True,False,True
Mandalay,1,39.21,164.682,1,True,False,False,False,False,True,False
Mandalay,1,59.86,125.706,1,True,False,False,False,False,False,True
Mandalay,0,54.36,570.78,1,False,True,False,False,False,True,False
Yangon,1,98.09,926.9505,1,False,False,False,False,True,False,False
Yangon,1,25.43,160.209,1,False,False,True,False,False,False,True
Yangon,1,86.68,728.112,1,True,False,False,False,False,True,False
Mandalay,1,22.95,240.975,1,False,False,False,False,False,False,True
Naypyitaw,0,16.31,154.1295,1,False,True,False,False,False,False,True
Yangon,0,28.32,148.68,1,False,False,False,True,False,False,True
Naypyitaw,1,16.67,122.5245,1,False,False,False,True,False,False,True
Mandalay,0,73.96,77.658,1,True,False,False,False,False,True,False
Yangon,1,97.94,102.837,1,False,False,False,True,False,False,True
Yangon,0,73.05,306.81,1,True,False,False,False,False,True,False
Naypyitaw,0,87.48,551.124,1,False,True,False,False,False,False,True
Yangon,1,30.68,96.642,1,False,False,False,True,False,False,True
Naypyitaw,1,75.88,79.674,1,False,False,True,False,False,True,False
Mandalay,0,20.18,84.756,1,False,False,False,False,True,True,False
Naypyitaw,1,18.77,118.251,1,False,False,False,False,False,True,False
Mandalay,0,71.2,74.76,1,False,True,False,False,False,True,False
Mandalay,1,38.81,163.002,1,False,False,False,True,False,False,True
Yangon,0,29.42,308.91,1,True,False,False,False,False,False,True
Yangon,1,60.95,575.9775,1,False,False,False,False,True,True,False
Mandalay,0,51.54,270.585,1,False,False,False,False,True,False,False
Yangon,0,66.06,416.178,1,False,False,False,False,False,False,False
Mandalay,1,57.27,180.4005,1,True,False,False,False,False,False,True
Mandalay,0,54.31,513.2295,1,True,False,False,False,False,False,False
Mandalay,0,58.24,550.368,1,False,False,True,False,False,False,False
Naypyitaw,1,22.21,139.923,1,False,False,False,False,False,True,False
Yangon,1,19.32,142.002,1,False,False,False,False,False,False,False
Mandalay,1,37.48,118.062,1,False,False,False,True,False,True,False
Mandalay,0,72.04,151.284,1,True,False,False,False,False,False,False
Naypyitaw,0,98.52,1034.46,1,False,True,False,False,False,False,True
Yangon,1,41.66,262.458,1,False,True,False,False,False,False,True
Yangon,0,72.42,228.123,1,False,False,False,True,False,False,True
Mandalay,1,21.58,203.931,1,False,False,False,False,False,False,False
Naypyitaw,1,89.2,936.6,1,False,True,False,False,False,True,False
Mandalay,0,42.42,356.328,1,False,False,False,False,False,False,True
Yangon,1,74.51,469.413,1,False,False,False,False,False,False,True
Mandalay,1,99.25,208.425,1,True,False,False,False,False,False,False
Yangon,0,81.21,852.705,1,False,True,False,False,False,True,False
Naypyitaw,0,49.33,517.965,1,False,False,False,False,True,True,False
Yangon,0,65.74,621.243,1,True,False,False,False,False,False,False
Mandalay,0,79.86,586.971,1,True,False,False,False,False,True,False
Naypyitaw,0,73.98,543.753,1,False,False,False,False,True,False,True
Mandalay,0,82.04,430.71,1,False,False,False,True,False,True,False
Mandalay,1,26.67,280.035,1,False,False,False,False,True,False,False
Yangon,1,10.13,74.4555,1,False,True,False,False,False,False,True
Mandalay,1,72.39,152.019,1,False,True,False,False,False,True,False
Yangon,1,85.91,451.0275,1,False,False,False,False,True,True,False
Mandalay,1,81.31,597.6285,1,True,False,False,False,False,False,True
Mandalay,1,60.3,253.26,1,False,True,False,False,False,False,False
Naypyitaw,1,31.77,133.434,1,False,True,False,False,False,False,True
Yangon,0,64.27,269.934,1,False,False,True,False,False,False,False
Mandalay,1,69.51,145.971,1,False,False,True,False,False,False,True
Naypyitaw,1,27.22,85.743,1,False,True,False,False,False,False,False
Yangon,0,77.68,326.256,1,False,False,True,False,False,False,False
Naypyitaw,0,92.98,195.258,1,True,False,False,False,False,True,False
Mandalay,0,18.08,75.936,1,True,False,False,False,False,True,False
Mandalay,1,63.06,198.639,1,False,False,False,False,True,False,True
Yangon,1,51.71,217.182,1,False,False,True,False,False,True,False
Yangon,0,52.34,164.871,1,False,True,False,False,False,False,False
Yangon,0,43.06,226.065,1,False,False,False,False,True,False,True
Naypyitaw,1,59.61,625.905,1,True,False,False,False,False,False,False
Yangon,1,14.62,76.755,1,False,False,True,False,False,False,False
Naypyitaw,1,46.53,293.139,1,False,False,True,False,False,True,False
Naypyitaw,0,24.24,178.164,1,False,False,False,True,False,False,True
Yangon,0,45.58,47.859,1,False,False,False,False,True,False,False
Yangon,0,75.2,236.88,1,False,False,False,False,True,False,True
Mandalay,1,96.8,304.92,1,False,False,False,False,True,False,False
Mandalay,1,14.82,46.683,1,False,False,True,False,False,True,False
Yangon,1,52.2,164.43,1,False,True,False,False,False,True,False
Naypyitaw,0,46.66,440.937,1,False,False,False,False,True,False,True
Naypyitaw,0,36.85,193.4625,1,True,False,False,False,False,False,False
Yangon,0,70.32,147.672,1,False,False,False,True,False,False,True
Naypyitaw,1,83.08,87.234,1,False,False,False,False,False,False,True
Naypyitaw,0,64.99,68.2395,1,True,False,False,False,False,True,False
Naypyitaw,1,77.56,814.38,1,False,True,False,False,False,False,True
Mandalay,0,54.51,343.413,1,False,False,False,False,True,False,True
Naypyitaw,0,51.89,381.3915,1,True,False,False,False,False,False,False
Mandalay,1,31.75,133.35,1,False,False,False,True,False,False,False
Yangon,0,53.65,394.3275,1,True,False,False,False,False,False,True
Naypyitaw,0,49.79,209.118,1,False,True,False,False,False,True,False
Yangon,1,30.61,32.1405,1,True,False,False,False,False,False,True
Mandalay,1,57.89,121.569,1,False,True,False,False,False,False,True
Yangon,0,28.96,30.408,1,False,False,False,False,False,True,False
Naypyitaw,0,98.97,935.2665,1,False,True,False,False,False,False,False
Mandalay,1,93.22,293.643,1,True,False,False,False,False,False,False
Naypyitaw,1,80.93,84.9765,1,False,False,False,False,True,True,False
Yangon,1,67.45,708.225,1,False,True,False,False,False,False,True
Yangon,0,38.72,365.904,1,False,False,False,False,True,False,True
Mandalay,1,72.6,457.38,1,False,False,False,False,True,False,False
Naypyitaw,1,87.91,461.5275,1,False,False,False,False,False,False,True
Yangon,1,98.53,620.739,1,False,True,False,False,False,True,False
Naypyitaw,0,43.46,273.798,1,True,False,False,False,False,False,True
Yangon,0,71.68,225.792,1,False,True,False,False,False,True,False
Yangon,0,91.61,96.1905,1,False,True,False,False,False,False,False
Mandalay,0,94.59,695.2365,1,False,False,False,True,False,True,False
Mandalay,0,83.25,874.125,1,True,False,False,False,False,True,False
Mandalay,1,91.35,95.9175,1,True,False,False,False,False,False,False
Mandalay,0,78.88,165.648,1,False,True,False,False,False,False,False
Yangon,1,60.87,127.827,1,False,False,False,False,True,False,True
Mandalay,1,82.58,867.09,1,False,False,True,False,False,False,False
Yangon,1,53.3,167.895,1,False,False,False,True,False,False,True
Yangon,0,12.09,12.6945,1,True,False,False,False,False,True,False
Yangon,1,64.19,673.995,1,False,False,False,False,True,True,False
Yangon,1,78.31,246.6765,1,False,False,False,False,False,False,True
Yangon,1,83.77,175.917,1,False,True,False,False,False,True,False
Mandalay,1,99.7,314.055,1,False,False,False,True,False,False,True
Mandalay,1,79.91,251.7165,1,False,True,False,False,False,True,False
Mandalay,1,66.47,697.935,1,False,False,True,False,False,True,False
Yangon,1,28.95,212.7825,1,False,False,True,False,False,True,False
Naypyitaw,0,46.2,48.51,1,False,False,False,False,False,False,False
Mandalay,0,17.63,92.5575,1,False,True,False,False,False,False,False
Mandalay,1,52.42,165.123,1,True,False,False,False,False,False,True
Mandalay,0,98.79,311.1885,1,False,True,False,False,False,False,True
Naypyitaw,0,88.55,743.82,1,False,False,False,False,False,False,True
Mandalay,1,55.67,116.907,1,False,False,False,False,False,False,True
Naypyitaw,0,72.52,609.168,1,False,True,False,False,False,True,False
Naypyitaw,1,12.05,63.2625,1,False,False,False,False,False,False,True
Yangon,1,19.36,182.952,1,False,False,False,True,False,False,True
Naypyitaw,1,70.21,442.323,1,False,False,True,False,False,False,False
Mandalay,1,33.63,35.3115,1,True,False,False,False,False,False,False
Naypyitaw,0,15.49,32.529,1,False,False,False,False,True,False,False
Naypyitaw,1,24.74,259.77,1,False,False,False,False,False,False,False
Mandalay,1,75.66,397.215,1,False,False,False,False,False,False,True
Mandalay,0,55.81,351.603,1,False,False,True,False,False,False,False
Yangon,1,72.78,764.19,1,False,False,False,True,False,False,False
Mandalay,1,37.32,352.674,1,False,False,False,False,True,False,True
Mandalay,1,60.18,252.756,1,True,False,False,False,False,True,False
Yangon,0,15.69,49.4235,1,False,False,False,False,False,True,False
Naypyitaw,0,99.69,104.6745,1,False,False,False,False,False,True,False
Yangon,0,88.15,277.6725,1,True,False,False,False,False,False,True
Yangon,0,27.93,146.6325,1,False,False,False,False,True,False,False
Yangon,1,55.45,58.2225,1,True,False,False,False,False,True,False
Mandalay,0,42.97,135.3555,1,False,False,False,False,True,False,False
Naypyitaw,1,17.14,125.979,1,False,False,False,False,True,True,False
Mandalay,0,58.75,370.125,1,True,False,False,False,False,True,False
Naypyitaw,0,87.1,914.55,1,False,True,False,False,False,True,False
Naypyitaw,0,98.8,207.48,1,False,False,False,False,True,False,False
Yangon,0,48.63,204.246,1,True,False,False,False,False,False,True
Mandalay,1,57.74,181.881,1,False,True,False,False,False,False,True
Mandalay,0,17.97,75.474,1,False,False,True,False,False,False,True
Naypyitaw,0,47.71,300.573,1,False,False,True,False,False,False,True
Mandalay,0,40.62,85.302,1,False,False,False,False,True,True,False
Yangon,1,56.04,588.42,1,True,False,False,False,False,False,True
Mandalay,1,93.4,196.14,1,False,True,False,False,False,False,False
Mandalay,0,73.41,231.2415,1,False,False,True,False,False,False,True
Naypyitaw,1,33.64,282.576,1,False,False,True,False,False,True,False
Yangon,0,45.48,477.54,1,False,False,False,False,False,True,False
Mandalay,1,83.77,175.917,1,True,False,False,False,False,False,False
Mandalay,0,64.08,470.988,1,False,False,False,False,True,True,False
Yangon,0,73.47,308.574,1,False,True,False,False,False,False,False
Naypyitaw,1,58.95,618.975,1,False,False,True,False,False,False,True
Yangon,1,48.5,305.55,1,False,True,False,False,False,False,True
Mandalay,0,39.48,41.454,1,False,False,False,False,False,False,False
Mandalay,0,34.81,36.5505,1,False,False,False,False,True,True,False
Naypyitaw,0,49.32,310.716,1,True,False,False,False,False,False,True
Yangon,1,21.48,45.108,1,True,False,False,False,False,False,True
Mandalay,0,23.08,145.404,1,False,False,False,False,True,False,True
Mandalay,0,49.1,103.11,1,False,False,False,True,False,True,False
Mandalay,0,64.83,136.143,1,False,False,False,False,True,True,False
Yangon,1,63.56,667.38,1,False,False,False,True,False,False,False
Naypyitaw,1,72.88,153.048,1,False,False,False,False,True,False,False
Yangon,0,67.1,211.365,1,False,True,False,False,False,False,False
Naypyitaw,0,70.19,663.2955,1,False,False,False,False,True,False,False
Naypyitaw,1,55.04,404.544,1,False,True,False,False,False,False,True
Yangon,1,48.63,510.615,1,False,False,True,False,False,False,False
Naypyitaw,0,73.38,539.343,1,True,False,False,False,False,False,False
Naypyitaw,0,52.6,497.07,1,False,True,False,False,False,False,False
Yangon,0,87.37,458.6925,1,False,False,False,True,False,False,False
Yangon,0,27.04,113.568,1,False,False,False,False,True,False,True
Mandalay,1,62.19,261.198,1,False,False,False,True,False,False,True
Yangon,1,69.58,657.531,1,False,False,False,False,False,True,False
Naypyitaw,1,97.5,1023.75,1,False,False,False,True,False,False,True
Naypyitaw,0,60.41,507.444,1,True,False,False,False,False,False,True
Mandalay,1,32.32,101.808,1,False,True,False,False,False,True,False
Mandalay,0,19.77,207.585,1,True,False,False,False,False,True,False
Mandalay,1,80.47,760.4415,1,False,False,True,False,False,False,False
Mandalay,0,88.39,835.2855,1,False,False,False,True,False,False,False
Mandalay,1,71.77,527.5095,1,False,False,True,False,False,False,False
Mandalay,0,43.0,180.6,1,False,False,False,False,False,False,True
Naypyitaw,1,68.98,72.429,1,False,True,False,False,False,False,False
Naypyitaw,1,15.62,131.208,1,True,False,False,False,False,False,True
Yangon,1,25.7,80.955,1,False,False,False,False,True,False,True
Yangon,1,80.62,507.906,1,False,True,False,False,False,False,False
Naypyitaw,0,75.53,317.226,1,False,False,False,True,False,False,True
Naypyitaw,0,77.63,733.6035,1,False,False,False,False,False,False,True
Naypyitaw,0,13.85,130.8825,1,False,False,True,False,False,False,True
Naypyitaw,1,98.7,829.08,1,True,False,False,False,False,False,True
Yangon,0,35.68,187.32,1,False,False,True,False,False,True,False
Yangon,0,71.46,525.231,1,True,False,False,False,False,False,True
Yangon,1,11.94,37.611,1,False,False,False,False,False,True,False
Yangon,1,45.38,142.947,1,True,False,False,False,False,True,False
Mandalay,0,17.48,110.124,1,True,False,False,False,False,True,False
Mandalay,0,25.56,187.866,1,True,False,False,False,False,False,False
Naypyitaw,0,90.63,856.4535,1,False,False,False,False,True,False,False
Mandalay,1,44.12,138.978,1,False,False,False,True,False,True,False
Naypyitaw,0,36.77,270.2595,1,False,True,False,False,False,False,False
Mandalay,1,23.34,98.028,1,False,True,False,False,False,False,True
Naypyitaw,0,28.5,239.4,1,False,False,True,False,False,False,False
Naypyitaw,1,55.57,175.0455,1,False,False,False,True,False,True,False
Mandalay,1,69.74,732.27,1,False,False,False,False,True,True,False
Naypyitaw,1,97.26,408.492,1,True,False,False,False,False,False,True
Mandalay,0,52.18,383.523,1,False,False,False,True,False,False,False
Yangon,0,22.32,93.744,1,True,False,False,False,False,True,False
Yangon,1,56.0,176.4,1,False,False,True,False,False,False,True
Yangon,1,19.7,20.685,1,True,False,False,False,False,False,True
Mandalay,1,75.88,557.718,1,False,False,False,False,False,False,True
Mandalay,1,53.72,56.406,1,False,True,False,False,False,False,True
Naypyitaw,1,81.95,860.475,1,False,False,True,False,False,True,False
Naypyitaw,0,81.2,596.82,1,False,False,False,True,False,True,False
Naypyitaw,1,58.76,616.98,1,False,False,False,False,False,False,True
Mandalay,1,91.56,769.104,1,False,False,False,False,False,False,True
Yangon,1,93.96,887.922,1,False,False,False,True,False,False,False
Naypyitaw,1,55.61,408.7335,1,False,False,False,True,False,False,False
Naypyitaw,1,84.83,89.0715,1,False,True,False,False,False,False,True
Yangon,0,71.63,150.423,1,False,False,False,False,True,False,True
Yangon,1,37.69,79.149,1,False,False,False,True,False,False,True
Naypyitaw,0,31.67,266.028,1,False,False,False,False,True,True,False
Naypyitaw,0,38.42,40.341,1,False,True,False,False,False,False,False
Mandalay,1,65.23,684.915,1,True,False,False,False,False,True,False
Naypyitaw,0,10.53,55.2825,1,False,False,False,True,False,True,False
Mandalay,0,12.29,116.1405,1,False,False,False,True,False,True,False
Naypyitaw,1,81.23,597.0405,1,False,False,True,False,False,False,False
Mandalay,0,22.32,93.744,1,True,False,False,False,False,False,True
Yangon,0,27.28,143.22,1,False,True,False,False,False,True,False
Yangon,0,17.42,182.91,1,False,False,False,False,False,False,True
Mandalay,1,73.28,384.72,1,False,False,False,True,False,False,True
Naypyitaw,0,84.87,267.3405,1,True,False,False,False,False,False,True
Yangon,0,97.29,817.236,1,True,False,False,False,False,True,False
Mandalay,0,35.74,300.216,1,False,False,False,False,False,False,True
Yangon,0,96.52,608.076,1,False,False,False,True,False,False,False
Yangon,1,18.85,197.925,1,False,True,False,False,False,False,True
Yangon,0,55.39,232.638,1,False,True,False,False,False,False,True
Mandalay,0,77.2,810.6,1,False,True,False,False,False,True,False
Mandalay,1,72.13,757.365,1,False,False,False,False,False,True,False
Yangon,0,63.88,536.592,1,True,False,False,False,False,False,True
Yangon,0,10.69,56.1225,1,False,False,True,False,False,False,True
Yangon,1,55.5,233.1,1,False,False,True,False,False,True,False
Mandalay,0,95.46,801.864,1,False,False,False,True,False,False,True
Naypyitaw,0,76.06,239.589,1,True,False,False,False,False,True,False
Mandalay,1,13.69,86.247,1,False,False,False,False,True,False,False
Mandalay,0,95.64,401.688,1,False,False,False,False,False,False,False
Yangon,0,11.43,72.009,1,False,False,False,True,False,False,False
Mandalay,0,95.54,401.268,1,False,False,False,False,True,False,True
Naypyitaw,0,85.87,631.1445,1,False,False,True,False,False,True,False
Naypyitaw,0,67.99,499.7265,1,False,False,False,False,True,False,True
Naypyitaw,0,52.42,55.041,1,False,True,False,False,False,True,False
Naypyitaw,1,65.65,137.865,1,False,True,False,False,False,False,False
Mandalay,0,28.86,151.515,1,False,True,False,False,False,True,False
Naypyitaw,1,65.31,480.0285,1,False,False,True,False,False,True,False
Mandalay,1,93.38,98.049,1,False,False,False,False,True,False,False
Naypyitaw,1,25.25,132.5625,1,False,False,False,False,True,False,False
Mandalay,1,87.87,830.3715,1,False,False,False,False,False,False,True
Naypyitaw,1,21.8,183.12,1,False,False,True,False,False,False,False
Yangon,0,94.76,397.992,1,False,False,False,False,True,False,True
Yangon,0,30.62,32.151,1,True,False,False,False,False,True,False
Naypyitaw,0,44.01,369.684,1,False,False,False,True,False,False,False
Naypyitaw,0,10.16,53.34,1,False,False,True,False,False,False,True
Yangon,1,74.58,548.163,1,False,False,False,False,False,True,False
Naypyitaw,1,71.89,603.876,1,False,False,False,False,False,False,True
Naypyitaw,0,10.99,57.6975,1,False,False,True,False,False,True,False
Naypyitaw,1,60.47,190.4805,1,False,False,True,False,False,True,False
Yangon,1,58.91,432.9885,1,False,False,False,False,True,False,True
Yangon,1,46.41,48.7305,1,True,False,False,False,False,True,False
Naypyitaw,1,68.55,287.91,1,False,False,True,False,False,True,False
Mandalay,0,97.37,1022.385,1,False,False,False,True,False,True,False
Yangon,1,92.6,680.61,1,False,False,False,False,False,True,False
Yangon,0,46.61,97.881,1,False,False,False,False,False,True,False
Mandalay,1,27.18,57.078,1,True,False,False,False,False,False,True
Naypyitaw,0,60.87,63.9135,1,False,False,False,True,False,False,False
Yangon,0,24.49,257.145,1,False,False,False,False,True,False,False
Mandalay,1,92.78,97.419,1,False,False,True,False,False,True,False
Naypyitaw,1,86.69,455.1225,1,False,False,False,True,False,False,True
Mandalay,1,23.01,144.963,1,False,False,False,False,True,False,True
Naypyitaw,0,30.2,253.68,1,False,False,False,False,False,False,True
Naypyitaw,1,67.39,495.3165,1,True,False,False,False,False,False,True
Yangon,0,48.96,462.672,1,True,False,False,False,False,False,False
Mandalay,0,75.59,714.3255,1,False,False,False,False,False,False,False
Yangon,0,77.47,325.374,1,False,False,False,True,False,False,False
Yangon,0,93.18,195.678,1,False,False,False,False,True,True,False
Yangon,0,50.23,210.966,1,False,False,False,False,False,False,False
Mandalay,0,17.75,18.6375,1,False,False,True,False,False,False,False
Naypyitaw,0,62.18,652.89,1,True,False,False,False,False,False,True
Mandalay,1,10.75,90.3,1,False,False,True,False,False,False,True
Yangon,0,40.26,422.73,1,False,False,False,False,False,True,False
Naypyitaw,0,64.97,341.0925,1,False,False,False,False,True,True,False
Yangon,1,95.15,99.9075,1,False,False,False,False,False,False,False
Yangon,0,48.62,408.408,1,False,False,False,False,False,False,False
Mandalay,0,53.21,446.964,1,False,True,False,False,False,False,True
Naypyitaw,0,45.44,333.984,1,True,False,False,False,False,False,False
Yangon,1,33.88,284.592,1,False,True,False,False,False,False,True
Mandalay,1,96.16,403.872,1,False,False,True,False,False,True,False
Mandalay,1,47.16,247.59,1,False,True,False,False,False,True,False
Mandalay,1,52.89,222.138,1,False,False,False,False,False,False,True
Yangon,0,47.68,100.128,1,False,False,False,True,False,True,False
Naypyitaw,1,10.17,10.6785,1,False,False,False,False,True,False,False
Yangon,0,68.71,216.4365,1,False,False,True,False,False,False,False
Mandalay,0,60.08,441.588,1,False,False,False,False,True,True,False
Yangon,0,22.01,92.442,1,False,False,False,False,True,True,False
Mandalay,0,72.11,681.4395,1,False,False,True,False,False,True,False
Yangon,1,41.28,130.032,1,True,False,False,False,False,True,False
Naypyitaw,1,64.95,681.975,1,False,False,False,False,False,False,False
Yangon,0,74.22,779.31,1,False,False,False,False,False,True,False
Yangon,1,10.56,88.704,1,False,False,False,False,False,False,False
Mandalay,1,62.57,262.794,1,False,False,True,False,False,False,False
Mandalay,0,11.85,99.54,1,False,False,False,False,True,False,False
Yangon,1,91.3,95.865,1,False,False,True,False,False,False,True
Mandalay,0,40.73,299.3655,1,False,False,False,True,False,False,True
Yangon,1,52.38,54.999,1,True,False,False,False,False,False,False
Yangon,1,38.54,202.335,1,True,False,False,False,False,False,True
Mandalay,1,44.63,281.169,1,False,False,False,False,True,True,False
Naypyitaw,1,55.87,586.635,1,False,False,False,False,False,False,False
Naypyitaw,0,29.22,184.086,1,False,False,False,False,True,False,True
Yangon,1,51.94,163.611,1,True,False,False,False,False,False,False
Mandalay,1,60.3,63.315,1,False,False,False,False,False,False,False
Yangon,0,39.47,82.887,1,False,False,False,False,True,True,False
Naypyitaw,0,14.87,31.227,1,False,True,False,False,False,True,False
Yangon,1,21.32,22.386,1,True,False,False,False,False,False,False
Yangon,1,93.78,295.407,1,False,False,False,False,False,True,False
Yangon,1,73.26,76.923,1,False,False,False,False,False,False,True
Naypyitaw,0,22.38,23.499,1,False,False,False,False,True,True,False
Naypyitaw,0,72.88,688.716,1,False,True,False,False,False,False,False
Yangon,0,99.1,624.33,1,True,False,False,False,False,False,False
Yangon,1,74.1,77.805,1,True,False,False,False,False,False,False
Yangon,0,98.48,206.808,1,True,False,False,False,False,False,True
Naypyitaw,1,53.19,390.9465,1,False,False,True,False,False,False,True
Mandalay,0,52.79,554.295,1,False,False,False,False,False,False,True
Yangon,0,95.95,503.7375,1,False,False,True,False,False,False,True
Mandalay,0,36.51,345.0195,1,True,False,False,False,False,False,False
Mandalay,1,21.12,177.408,1,False,True,False,False,False,False,False
Yangon,0,28.31,118.902,1,False,False,False,True,False,False,False
Mandalay,1,57.59,362.817,1,False,False,True,False,False,False,False
Yangon,0,47.63,450.1035,1,False,True,False,False,False,False,False
Naypyitaw,0,86.27,90.5835,1,False,False,False,True,False,False,True
Yangon,1,12.76,26.796,1,False,False,False,False,True,False,True
Mandalay,0,11.28,106.596,1,False,False,False,True,False,True,False
Mandalay,0,51.07,375.3645,1,False,False,False,True,False,False,False
Yangon,0,79.59,250.7085,1,False,False,False,False,False,False,False
Naypyitaw,1,33.81,106.5015,1,False,False,True,False,False,False,True
Mandalay,1,90.53,760.452,1,False,False,False,False,True,True,False
Naypyitaw,0,62.82,131.922,1,False,False,True,False,False,False,True
Naypyitaw,1,24.31,76.5765,1,False,True,False,False,False,True,False
Yangon,1,64.59,271.278,1,False,False,False,False,True,False,True
Yangon,1,24.82,182.427,1,False,True,False,False,False,True,False
Naypyitaw,1,56.5,59.325,1,True,False,False,False,False,False,True
Mandalay,0,21.43,225.015,1,False,False,False,False,False,False,False
Yangon,1,89.06,561.078,1,False,False,False,False,True,False,False
Yangon,1,23.29,97.818,1,False,False,False,True,False,True,False
Naypyitaw,1,65.26,548.184,1,False,False,False,True,False,False,True
Naypyitaw,1,52.35,54.9675,1,True,False,False,False,False,False,False
Mandalay,1,39.75,41.7375,1,False,False,False,False,False,False,False
Yangon,0,90.02,756.168,1,False,False,False,False,False,True,False
Mandalay,0,12.1,101.64,1,False,False,False,False,False,False,True
Mandalay,0,33.21,348.705,1,False,True,False,False,False,False,True
Naypyitaw,0,10.18,85.512,1,True,False,False,False,False,True,False
Mandalay,1,31.99,335.895,1,False,False,False,False,True,True,False
Yangon,0,34.42,216.846,1,False,False,False,True,False,False,True
Yangon,0,83.34,175.014,1,False,True,False,False,False,False,False
Yangon,1,45.58,335.013,1,False,False,False,False,True,False,False
Yangon,1,87.9,92.295,1,False,True,False,False,False,False,True
Yangon,0,73.47,771.435,1,False,False,False,False,False,False,True
Naypyitaw,0,12.19,102.396,1,True,False,False,False,False,False,True
Yangon,1,76.92,807.66,1,False,False,False,False,True,False,True
Naypyitaw,0,83.66,439.215,1,False,False,True,False,False,False,False
Mandalay,0,57.91,486.444,1,False,False,False,False,False,False,False
Naypyitaw,0,92.49,485.5725,1,True,False,False,False,False,True,False
Mandalay,1,28.38,148.995,1,False,False,False,False,False,False,False
Mandalay,1,50.45,317.835,1,False,False,False,False,False,True,False
Mandalay,1,99.16,832.944,1,False,False,True,False,False,True,False
Naypyitaw,1,60.74,446.439,1,True,False,False,False,False,False,True
Naypyitaw,0,47.27,297.801,1,False,True,False,False,False,False,False
Naypyitaw,1,85.6,629.16,1,False,False,True,False,False,False,False
Yangon,1,35.04,331.128,1,False,True,False,False,False,False,True
Naypyitaw,0,44.84,423.738,1,False,False,False,False,False,True,False
Mandalay,1,45.97,193.074,1,False,False,False,True,False,False,True
Yangon,0,27.73,145.5825,1,False,False,True,False,False,True,False
Yangon,1,11.53,84.7455,1,False,True,False,False,False,False,False
Naypyitaw,0,58.32,122.472,1,False,False,True,False,False,False,True
Naypyitaw,0,78.38,329.196,1,False,False,False,True,False,False,False
Naypyitaw,1,84.61,888.405,1,False,False,True,False,False,True,False
Mandalay,0,82.88,435.12,1,False,False,True,False,False,True,False
Yangon,0,79.54,167.034,1,False,True,False,False,False,False,True
Mandalay,0,49.01,514.605,1,False,False,False,True,False,True,False
Mandalay,0,29.15,91.8225,1,False,True,False,False,False,True,False
Naypyitaw,0,56.13,235.746,1,False,False,False,False,False,False,True
Yangon,0,93.12,782.208,1,False,False,False,True,False,False,False
Yangon,1,51.34,431.256,1,True,False,False,False,False,False,True
Yangon,0,99.6,313.74,1,False,True,False,False,False,False,False
Naypyitaw,0,35.49,223.587,1,False,False,False,False,False,False,False
Naypyitaw,1,42.85,44.9925,1,False,False,False,False,True,True,False
Yangon,0,94.67,397.614,1,True,False,False,False,False,False,False
Mandalay,1,68.97,217.2555,1,False,False,False,True,False,False,True
Mandalay,0,26.26,82.719,1,False,False,False,False,False,False,True
Naypyitaw,0,35.79,338.2155,1,False,False,False,True,False,True,False
Mandalay,0,16.37,103.131,1,False,False,False,True,False,False,False
Naypyitaw,0,12.73,26.733,1,False,False,False,True,False,True,False
Naypyitaw,0,83.14,611.079,1,False,False,False,False,True,True,False
Naypyitaw,0,35.22,221.886,1,False,False,False,False,True,False,True
Mandalay,0,13.78,57.876,1,False,False,False,False,False,False,True
Mandalay,1,88.31,92.7255,1,False,False,False,False,True,True,False
Yangon,0,39.62,374.409,1,False,False,True,False,False,True,False
Mandalay,0,88.25,833.9625,1,False,False,False,False,False,True,False
Mandalay,1,25.31,53.151,1,False,False,False,False,True,False,True
Mandalay,1,99.92,629.496,1,False,False,False,True,False,False,True
Naypyitaw,0,83.35,175.035,1,True,False,False,False,False,True,False
Yangon,0,74.44,781.62,1,False,True,False,False,False,False,True
Naypyitaw,1,64.08,470.988,1,False,False,True,False,False,False,True
Mandalay,0,63.15,397.845,1,False,False,False,True,False,False,True
Naypyitaw,1,85.72,270.018,1,False,False,False,True,False,False,True
Naypyitaw,0,78.89,579.8415,1,False,False,True,False,False,False,True
Yangon,0,89.48,469.77,1,False,False,False,False,True,False,False
Yangon,0,92.09,290.0835,1,False,False,True,False,False,False,False
Naypyitaw,0,57.29,360.927,1,False,True,False,False,False,False,True
Yangon,1,66.52,279.384,1,False,True,False,False,False,False,True
Naypyitaw,1,99.82,943.299,1,True,False,False,False,False,False,False
Yangon,0,45.68,479.64,1,False,False,False,True,False,False,True
Yangon,1,50.79,266.6475,1,False,False,True,False,False,True,False
Yangon,1,10.08,74.088,1,False,False,True,False,False,False,False
Yangon,0,93.88,690.018,1,False,False,False,False,False,True,False
Naypyitaw,1,84.25,176.925,1,False,False,False,False,False,True,False
Mandalay,1,53.78,56.469,1,True,False,False,False,False,False,True
Naypyitaw,1,35.81,188.0025,1,False,False,False,True,False,False,True
Mandalay,0,26.43,222.012,1,False,True,False,False,False,False,True
Mandalay,1,39.91,125.7165,1,False,False,True,False,False,False,True
Mandalay,0,21.9,68.985,1,False,False,False,True,False,False,True
Mandalay,0,62.85,263.97,1,False,True,False,False,False,False,True
Naypyitaw,0,21.04,88.368,1,False,True,False,False,False,False,False
Mandalay,1,65.91,415.233,1,False,False,False,True,False,False,False
Yangon,0,42.57,312.8895,1,True,False,False,False,False,False,False
Naypyitaw,1,50.49,477.1305,1,False,True,False,False,False,False,False
Mandalay,1,46.02,289.926,1,False,False,False,False,False,False,False
Naypyitaw,0,15.8,165.9,1,False,False,False,True,False,False,False
Yangon,0,98.66,932.337,1,False,True,False,False,False,False,False
Naypyitaw,1,91.98,96.579,1,True,False,False,False,False,False,False
Yangon,1,20.89,43.869,1,False,False,False,False,False,False,False
Yangon,0,15.5,16.275,1,True,False,False,False,False,True,False
Naypyitaw,1,96.82,304.983,1,False,False,False,False,False,False,False
Mandalay,1,33.33,69.993,1,False,True,False,False,False,True,False
Mandalay,0,38.27,80.367,1,False,False,False,False,False,True,False
Yangon,0,33.3,314.685,1,False,False,False,True,False,False,True
Yangon,1,81.01,255.1815,1,False,False,False,True,False,True,False
Yangon,0,15.8,49.77,1,False,False,True,False,False,False,False
Mandalay,0,34.49,181.0725,1,False,False,False,False,False,True,False
Mandalay,0,84.63,888.615,1,False,True,False,False,False,True,False
Mandalay,1,36.91,271.2885,1,False,False,False,True,False,False,True
Mandalay,1,87.08,640.038,1,False,False,False,False,False,False,False
Yangon,1,80.08,252.252,1,False,False,False,True,False,False,False
Naypyitaw,1,86.13,180.873,1,True,False,False,False,False,False,False
Mandalay,1,49.92,104.832,1,True,False,False,False,False,True,False
Yangon,0,74.66,313.572,1,False,True,False,False,False,False,False
Mandalay,1,26.6,167.58,1,False,True,False,False,False,False,True
Mandalay,0,25.45,26.7225,1,False,False,False,False,False,True,False
Mandalay,0,67.77,71.1585,1,False,True,False,False,False,True,False
Naypyitaw,1,59.59,250.278,1,False,True,False,False,False,False,False
Yangon,1,58.15,244.23,1,False,False,True,False,False,False,False
Yangon,0,97.48,921.186,1,False,False,False,False,True,False,True
Naypyitaw,1,99.96,734.706,1,False,False,True,False,False,False,False
Naypyitaw,1,96.37,708.3195,1,False,False,False,False,False,False,False
Mandalay,0,63.71,334.4775,1,True,False,False,False,False,False,True
Mandalay,0,14.76,30.996,1,False,False,True,False,False,False,True
Mandalay,1,62.0,520.8,1,False,False,True,False,False,True,False
Naypyitaw,1,82.34,864.57,1,False,False,False,False,False,False,True
Mandalay,1,75.37,633.108,1,False,False,True,False,False,True,False
Yangon,0,56.56,296.94,1,False,True,False,False,False,True,False
Mandalay,0,76.6,804.3,1,False,False,False,False,True,False,True
Yangon,1,58.03,121.863,1,False,False,False,False,False,False,True
Mandalay,1,17.49,183.645,1,True,False,False,False,False,False,True
Naypyitaw,0,60.95,63.9975,1,False,False,False,False,False,False,True
Naypyitaw,1,40.35,42.3675,1,False,False,True,False,False,False,True
Mandalay,0,97.38,1022.49,1,False,False,False,True,False,False,True
Yangon,1,31.84,33.432,1,False,True,False,False,False,False,False
Yangon,1,65.82,69.111,1,False,False,False,True,False,False,False
Yangon,0,88.34,649.299,1,True,False,False,False,False,False,False
